id	char
0	

1	 
2	'
3	(
4	)
5	*
6	/
7	0
8	1
9	2
10	3
11	4
12	6
13	7
14	8
15	A
16	B
17	C
18	D
19	E
20	F
21	G
22	H
23	K
24	L
25	M
26	N
27	O
28	P
29	S
30	T
31	U
32	V
33	W
34	X
35	Y
36	a
37	b
38	c
39	d
40	e
41	f
42	g
43	h
44	i
45	j
46	k
47	l
48	m
49	n
50	o
51	r
52	s
53	t
54	u
55	v
56	w
57	x
58	y
59	…
60	㖞
61	一
62	丁
63	七
64	万
65	三
66	上
67	下
68	不
69	与
70	丐
71	丑
72	专
73	且
74	世
75	丘
76	业
77	东
78	丝
79	丢
80	两
81	严
82	丧
83	个
84	中
85	丰
86	串
87	临
88	丹
89	为
90	主
91	丽
92	举
93	乃
94	久
95	么
96	义
97	之
98	乌
99	乍
100	乎
101	乏
102	乐
103	乔
104	乖
105	乘
106	乜
107	九
108	乞
109	也
110	习
111	乡
112	书
113	买
114	乱
115	乾
116	亁
117	了
118	予
119	争
120	事
121	二
122	于
123	亏
124	云
125	互
126	五
127	井
128	亚
129	些
130	亡
131	亢
132	交
133	亦
134	产
135	享
136	京
137	亮
138	亲
139	人
140	亿
141	什
142	仁
143	仅
144	仇
145	今
146	介
147	仍
148	从
149	仓
150	仔
151	他
152	仗
153	付
154	仙
155	代
156	令
157	以
158	们
159	仰
160	仲
161	件
162	价
163	任
164	份
165	仿
166	企
167	伊
168	伏
169	伐
170	休
171	众
172	优
173	伙
174	会
175	伞
176	伟
177	传
178	伤
179	伦
180	伪
181	伯
182	估
183	伴
184	伶
185	伸
186	似
187	但
188	位
189	低
190	住
191	佑
192	体
193	何
194	余
195	佛
196	作
197	你
198	佢
199	佩
200	佬
201	佳
202	併
203	佻
204	使
205	來
206	侈
207	例
208	侍
209	供
210	依
211	侠
212	侣
213	侦
214	侧
215	侬
216	侮
217	便
218	促
219	俊
220	俏
221	俐
222	俗
223	保
224	信
225	俩
226	修
227	俯
228	俱
229	俾
230	個
231	倍
232	們
233	倒
234	倔
235	候
236	倚
237	借
238	倦
239	倩
240	倫
241	债
242	值
243	倾
244	假
245	偉
246	偏
247	偕
248	做
249	停
250	健
251	偶
252	偷
253	偿
254	傅
255	傍
256	傑
257	储
258	催
259	傲
260	傷
261	傻
262	像
263	僵
264	僻
265	儿
266	允
267	元
268	兄
269	充
270	兆
271	先
272	光
273	克
274	免
275	兒
276	兜
277	入
278	全
279	兩
280	八
281	公
282	六
283	兰
284	共
285	关
286	兴
287	兵
288	其
289	具
290	典
291	养
292	兼
293	兽
294	冀
295	内
296	冇
297	再
298	冒
299	冕
300	写
301	冚
302	军
303	冠
304	冤
305	冥
306	冬
307	冰
308	冲
309	决
310	况
311	冷
312	冻
313	冽
314	净
315	凄
316	准
317	凉
318	凌
319	减
320	凑
321	凝
322	几
323	凡
324	凭
325	凶
326	出
327	击
328	刀
329	刁
330	刃
331	分
332	切
333	刊
334	划
335	列
336	刘
337	则
338	刚
339	创
340	初
341	删
342	判
343	別
344	利
345	别
346	刮
347	到
348	制
349	刷
350	刹
351	刺
352	刻
353	刽
354	剃
355	前
356	剎
357	剔
358	剥
359	剧
360	剩
361	剪
362	副
363	割
364	劈
365	力
366	劝
367	办
368	功
369	加
370	务
371	劣
372	动
373	助
374	努
375	劫
376	励
377	劲
378	劳
379	势
380	勇
381	勉
382	勋
383	動
384	勝
385	勤
386	勾
387	勿
388	包
389	匆
390	化
391	北
392	匙
393	匪
394	匹
395	区
396	医
397	十
398	千
399	升
400	午
401	卉
402	半
403	华
404	协
405	卑
406	卒
407	卓
408	单
409	卖
410	南
411	博
412	卜
413	占
414	卡
415	卢
416	卧
417	卫
418	卯
419	印
420	危
421	即
422	却
423	卸
424	厂
425	厅
426	历
427	厉
428	压
429	厌
430	厘
431	厚
432	原
433	厢
434	厨
435	厮
436	去
437	参
438	又
439	叉
440	及
441	友
442	双
443	反
444	发
445	取
446	受
447	变
448	叙
449	叛
450	叠
451	口
452	古
453	句
454	另
455	叨
456	只
457	叫
458	叭
459	叮
460	可
461	台
462	史
463	右
464	叶
465	号
466	司
467	叹
468	叻
469	吃
470	各
471	合
472	吉
473	吊
474	吋
475	同
476	名
477	后
478	吐
479	向
480	吒
481	吓
482	吗
483	君
484	吝
485	吞
486	吟
487	否
488	吧
489	吨
490	含
491	听
492	启
493	吵
494	吸
495	吹
496	吻
497	吼
498	呀
499	呆
500	呈
501	告
502	呎
503	呑
504	呔
505	呕
506	员
507	呢
508	周
509	味
510	呵
511	呻
512	呼
513	命
514	咀
515	咁
516	咆
517	和
518	咏
519	咒
520	咖
521	咗
522	咙
523	咩
524	咪
525	咫
526	咬
527	咯
528	哀
529	品
530	哄
531	哇
532	哈
533	哉
534	哋
535	响
536	哑
537	哒
538	哗
539	哥
540	哦
541	哩
542	哪
543	哭
544	哮
545	哲
546	哼
547	唆
548	唇
549	唉
550	唏
551	唔
552	唠
553	唤
554	售
555	唯
556	唱
557	唾
558	商
559	啊
560	啖
561	啡
562	啤
563	啦
564	啪
565	啫
566	啬
567	啰
568	啸
569	喂
570	喃
571	善
572	喇
573	喉
574	喊
575	喋
576	喔
577	喘
578	喜
579	喝
580	喧
581	單
582	喱
583	喵
584	喷
585	喻
586	喽
587	嗌
588	嗒
589	嗤
590	嗦
591	嗨
592	嗯
593	嗰
594	嗱
595	嘅
596	嘉
597	嘘
598	嘛
599	嘢
600	嘱
601	嘲
602	嘴
603	嘶
604	嘹
605	嘻
606	嘿
607	噢
608	器
609	噩
610	噪
611	噬
612	嚟
613	嚣
614	嚷
615	囊
616	四
617	回
618	因
619	团
620	园
621	困
622	围
623	固
624	国
625	图
626	圆
627	圈
628	土
629	圣
630	在
631	地
632	场
633	圾
634	坏
635	坐
636	块
637	坚
638	坝
639	坞
640	坟
641	坠
642	坦
643	坪
644	垂
645	垃
646	型
647	垒
648	垢
649	垫
650	垮
651	埃
652	埋
653	城
654	埗
655	域
656	基
657	堂
658	堆
659	堕
660	堡
661	堪
662	塌
663	塔
664	塘
665	塞
666	填
667	境
668	墓
669	墙
670	增
671	墟
672	壁
673	壤
674	士
675	壮
676	声
677	壳
678	处
679	备
680	复
681	夏
682	夕
683	外
684	多
685	夜
686	够
687	夠
688	大
689	天
690	太
691	夫
692	央
693	失
694	头
695	夸
696	夹
697	夺
698	奇
699	奈
700	奉
701	奋
702	奏
703	契
704	奔
705	奕
706	奖
707	套
708	奢
709	奥
710	女
711	奴
712	奶
713	她
714	好
715	如
716	妄
717	妆
718	妇
719	妈
720	妒
721	妖
722	妙
723	妥
724	妨
725	妹
726	妻
727	姆
728	始
729	姐
730	姑
731	姓
732	委
733	姨
734	姿
735	威
736	娃
737	娇
738	娘
739	娛
740	娜
741	娱
742	娶
743	婀
744	婉
745	婚
746	婴
747	媚
748	媲
749	嫁
750	嫉
751	嫌
752	嬉
753	孀
754	子
755	孔
756	字
757	存
758	孙
759	季
760	孤
761	学
762	孩
763	孵
764	宁
765	它
766	宇
767	守
768	安
769	完
770	宏
771	宗
772	宙
773	定
774	宜
775	宝
776	实
777	宠
778	审
779	客
780	宣
781	室
782	宨
783	宫
784	宰
785	害
786	宴
787	宵
788	家
789	容
790	宽
791	宾
792	宿
793	寂
794	寄
795	密
796	富
797	寐
798	寒
799	寓
800	寝
801	寞
802	察
803	寡
804	寥
805	寰
806	寸
807	对
808	寻
809	导
810	封
811	射
812	将
813	將
814	尊
815	小
816	少
817	尔
818	尖
819	尘
820	尚
821	尝
822	尤
823	尬
824	就
825	尴
826	尸
827	尺
828	尼
829	尽
830	尾
831	局
832	屁
833	层
834	居
835	屈
836	屉
837	屋
838	屏
839	屑
840	展
841	属
842	履
843	屯
844	山
845	屹
846	岁
847	岔
848	岗
849	岛
850	岩
851	岭
852	岸
853	峡
854	峰
855	崇
856	崎
857	崖
858	崩
859	嵌
860	巡
861	巢
862	工
863	左
864	巧
865	巨
866	巫
867	差
868	己
869	已
870	巴
871	巷
872	市
873	布
874	帅
875	帆
876	师
877	希
878	帐
879	帕
880	帖
881	帘
882	帝
883	带
884	席
885	帮
886	常
887	帽
888	幅
889	幕
890	干
891	平
892	年
893	并
894	幸
895	幻
896	幼
897	幽
898	幾
899	广
900	庄
901	庆
902	床
903	序
904	应
905	底
906	店
907	府
908	庞
909	废
910	度
911	座
912	庭
913	康
914	庸
915	廉
916	廊
917	廓
918	延
919	建
920	廿
921	开
922	异
923	弃
924	弄
925	弊
926	式
927	引
928	弟
929	张
930	弥
931	弦
932	弯
933	弱
934	弹
935	强
936	归
937	当
938	录
939	形
940	彩
941	影
942	彷
943	彻
944	彼
945	往
946	征
947	径
948	待
949	很
950	徊
951	律
952	後
953	徐
954	徒
955	得
956	徘
957	徨
958	循
959	微
960	德
961	心
962	必
963	忆
964	忌
965	忍
966	忐
967	忑
968	志
969	忘
970	忙
971	忠
972	忧
973	快
974	念
975	忽
976	怀
977	态
978	怅
979	怎
980	怒
981	怕
982	怖
983	怜
984	思
985	怡
986	急
987	性
988	怨
989	怪
990	怯
991	总
992	怼
993	恃
994	恋
995	恐
996	恒
997	恕
998	恙
999	恤
1000	恨
1001	恩
1002	恬
1003	恭
1004	息
1005	恰
1006	恳
1007	恶
1008	恻
1009	恼
1010	悄
1011	悉
1012	悔
1013	悟
1014	悠
1015	患
1016	悬
1017	悭
1018	悯
1019	悲
1020	悸
1021	悼
1022	情
1023	惆
1024	惊
1025	惋
1026	惑
1027	惘
1028	惜
1029	惟
1030	惧
1031	惨
1032	惩
1033	惭
1034	惯
1035	惰
1036	想
1037	惶
1038	惹
1039	愁
1040	愈
1041	愉
1042	意
1043	愐
1044	愕
1045	愚
1046	愛
1047	感
1048	愤
1049	愧
1050	愿
1051	慈
1052	慌
1053	慕
1054	慢
1055	慣
1056	慧
1057	慨
1058	慰
1059	慵
1060	慷
1061	憂
1062	憎
1063	憨
1064	憾
1065	懂
1066	懇
1067	懒
1068	懦
1069	懺
1070	戈
1071	戏
1072	成
1073	我
1074	戒
1075	或
1076	战
1077	戚
1078	戲
1079	戳
1080	戴
1081	户
1082	房
1083	所
1084	扁
1085	扇
1086	手
1087	才
1088	扎
1089	扑
1090	打
1091	托
1092	扣
1093	执
1094	扩
1095	扪
1096	扫
1097	扬
1098	扭
1099	扮
1100	扯
1101	扰
1102	扶
1103	批
1104	找
1105	承
1106	技
1107	抄
1108	抅
1109	抉
1110	把
1111	抑
1112	抓
1113	投
1114	抖
1115	抗
1116	折
1117	抚
1118	抛
1119	抢
1120	护
1121	报
1122	披
1123	抬
1124	抱
1125	抵
1126	抹
1127	押
1128	抽
1129	担
1130	拆
1131	拇
1132	拉
1133	拌
1134	拍
1135	拒
1136	拓
1137	拔
1138	拖
1139	拗
1140	拘
1141	拙
1142	招
1143	拜
1144	拟
1145	拣
1146	拥
1147	拦
1148	拧
1149	拨
1150	择
1151	拭
1152	拯
1153	拱
1154	拳
1155	拼
1156	拾
1157	拿
1158	持
1159	挂
1160	指
1161	按
1162	挑
1163	挖
1164	挚
1165	挞
1166	挟
1167	挡
1168	挣
1169	挤
1170	挥
1171	挨
1172	挫
1173	振
1174	挺
1175	挽
1176	捂
1177	捆
1178	捉
1179	捏
1180	捕
1181	损
1182	捡
1183	换
1184	捧
1185	据
1186	捱
1187	捷
1188	掂
1189	授
1190	掉
1191	掌
1192	掏
1193	排
1194	掘
1195	掠
1196	探
1197	掣
1198	接
1199	控
1200	推
1201	掩
1202	措
1203	掰
1204	掴
1205	揉
1206	提
1207	揑
1208	插
1209	換
1210	握
1211	揭
1212	援
1213	揸
1214	揽
1215	揾
1216	搁
1217	搅
1218	搏
1219	搞
1220	搬
1221	搭
1222	携
1223	摄
1224	摆
1225	摇
1226	摊
1227	摔
1228	摘
1229	摧
1230	摩
1231	摸
1232	撇
1233	撑
1234	撒
1235	撕
1236	撞
1237	撤
1238	撬
1239	播
1240	撮
1241	撼
1242	操
1243	擎
1244	擒
1245	擔
1246	擘
1247	擦
1248	攀
1249	支
1250	收
1251	改
1252	攻
1253	放
1254	政
1255	故
1256	效
1257	敌
1258	敏
1259	救
1260	教
1261	敞
1262	敢
1263	散
1264	敦
1265	敬
1266	数
1267	敲
1268	整
1269	敷
1270	文
1271	斑
1272	斕
1273	斗
1274	料
1275	斜
1276	斥
1277	斩
1278	断
1279	斯
1280	新
1281	斷
1282	方
1283	於
1284	施
1285	旁
1286	旅
1287	旋
1288	旎
1289	旖
1290	无
1291	既
1292	日
1293	旦
1294	旧
1295	早
1296	时
1297	旷
1298	旺
1299	昂
1300	明
1301	昏
1302	易
1303	星
1304	映
1305	春
1306	昧
1307	昨
1308	是
1309	昵
1310	昼
1311	显
1312	晃
1313	晋
1314	晒
1315	晓
1316	晕
1317	晚
1318	晨
1319	普
1320	景
1321	晴
1322	晶
1323	智
1324	晾
1325	暂
1326	暄
1327	暇
1328	暑
1329	暖
1330	暗
1331	暧
1332	暮
1333	暴
1334	曙
1335	曝
1336	曦
1337	曲
1338	曳
1339	更
1340	曼
1341	曾
1342	替
1343	最
1344	會
1345	月
1346	有
1347	朋
1348	服
1349	朕
1350	朗
1351	望
1352	朝
1353	期
1354	木
1355	未
1356	末
1357	本
1358	术
1359	朱
1360	朵
1361	机
1362	朽
1363	杀
1364	杂
1365	权
1366	杉
1367	李
1368	材
1369	村
1370	束
1371	条
1372	来
1373	杯
1374	松
1375	板
1376	极
1377	构
1378	枉
1379	析
1380	枕
1381	林
1382	果
1383	枝
1384	枪
1385	枯
1386	枱
1387	架
1388	枷
1389	某
1390	染
1391	柔
1392	柜
1393	柠
1394	查
1395	柱
1396	柴
1397	标
1398	栋
1399	树
1400	栖
1401	栗
1402	校
1403	样
1404	核
1405	根
1406	格
1407	栽
1408	桂
1409	桃
1410	框
1411	案
1412	桌
1413	桐
1414	桑
1415	档
1416	桥
1417	桩
1418	桶
1419	梁
1420	梅
1421	梗
1422	梢
1423	梦
1424	梧
1425	梭
1426	梯
1427	梳
1428	检
1429	棉
1430	棘
1431	森
1432	棱
1433	棵
1434	棺
1435	椅
1436	植
1437	楚
1438	楼
1439	概
1440	榜
1441	榨
1442	槟
1443	樂
1444	模
1445	横
1446	樱
1447	樽
1448	機
1449	橡
1450	橱
1451	檬
1452	櫈
1453	欠
1454	次
1455	欢
1456	欣
1457	欧
1458	欲
1459	欺
1460	款
1461	歇
1462	歉
1463	歌
1464	歡
1465	止
1466	正
1467	此
1468	步
1469	武
1470	歧
1471	歪
1472	歹
1473	死
1474	殆
1475	殊
1476	残
1477	段
1478	殿
1479	毁
1480	毋
1481	母
1482	每
1483	毒
1484	比
1485	毕
1486	毛
1487	毫
1488	毯
1489	毽
1490	民
1491	气
1492	氛
1493	氣
1494	氧
1495	水
1496	永
1497	氾
1498	汁
1499	求
1500	汇
1501	汉
1502	汐
1503	汗
1504	江
1505	池
1506	污
1507	汤
1508	汰
1509	汹
1510	汽
1511	沉
1512	沒
1513	沖
1514	沙
1515	沛
1516	沟
1517	没
1518	沥
1519	沦
1520	沧
1521	沫
1522	沮
1523	河
1524	沸
1525	油
1526	治
1527	沼
1528	沾
1529	沿
1530	泄
1531	泊
1532	泌
1533	法
1534	泛
1535	泡
1536	波
1537	泣
1538	泥
1539	注
1540	泪
1541	泰
1542	泻
1543	泼
1544	洁
1545	洋
1546	洒
1547	洗
1548	洛
1549	洞
1550	洲
1551	活
1552	派
1553	流
1554	浅
1555	浆
1556	测
1557	济
1558	浏
1559	浑
1560	浓
1561	浪
1562	浮
1563	浴
1564	海
1565	浸
1566	涂
1567	涅
1568	消
1569	涉
1570	涌
1571	涛
1572	涡
1573	润
1574	涨
1575	涩
1576	涯
1577	液
1578	涵
1579	淀
1580	淋
1581	淌
1582	淑
1583	淘
1584	淡
1585	淮
1586	深
1587	混
1588	淹
1589	添
1590	清
1591	渐
1592	渗
1593	渡
1594	温
1595	港
1596	渲
1597	渴
1598	游
1599	渺
1600	湖
1601	湾
1602	湿
1603	溃
1604	溅
1605	溉
1606	源
1607	溢
1608	溶
1609	溺
1610	滋
1611	滑
1612	滔
1613	滚
1614	滞
1615	满
1616	滤
1617	滥
1618	滩
1619	滴
1620	滿
1621	漂
1622	漆
1623	漏
1624	演
1625	漠
1626	漫
1627	潇
1628	潜
1629	潮
1630	澈
1631	澡
1632	澳
1633	激
1634	灌
1635	火
1636	灭
1637	灯
1638	灰
1639	灵
1640	灶
1641	灾
1642	灿
1643	炉
1644	炎
1645	炒
1646	炖
1647	炜
1648	炫
1649	炭
1650	炮
1651	炸
1652	点
1653	炼
1654	烁
1655	烂
1656	烈
1657	烊
1658	烙
1659	烛
1660	烟
1661	烦
1662	烧
1663	烫
1664	烬
1665	热
1666	烽
1667	無
1668	焦
1669	然
1670	煎
1671	煞
1672	照
1673	煮
1674	煲
1675	煽
1676	熄
1677	熊
1678	熔
1679	熟
1680	熨
1681	熬
1682	燃
1683	燕
1684	燥
1685	燦
1686	爆
1687	爛
1688	爤
1689	爬
1690	爱
1691	爵
1692	父
1693	爷
1694	爸
1695	爽
1696	片
1697	版
1698	牌
1699	牙
1700	牛
1701	牠
1702	牡
1703	牢
1704	牧
1705	物
1706	牯
1707	牲
1708	牵
1709	特
1710	牺
1711	犬
1712	犯
1713	状
1714	犹
1715	狂
1716	狄
1717	狗
1718	狠
1719	独
1720	狭
1721	狮
1722	狼
1723	猎
1724	猛
1725	猜
1726	猫
1727	献
1728	猿
1729	玄
1730	率
1731	玉
1732	王
1733	玛
1734	玩
1735	玫
1736	环
1737	现
1738	玻
1739	珊
1740	珍
1741	班
1742	現
1743	球
1744	理
1745	琐
1746	琳
1747	琴
1748	瑟
1749	瑰
1750	璀
1751	璃
1752	璨
1753	瓜
1754	瓣
1755	瓦
1756	瓶
1757	甘
1758	甚
1759	甜
1760	生
1761	用
1762	甩
1763	甭
1764	田
1765	由
1766	甲
1767	电
1768	男
1769	町
1770	画
1771	畅
1772	界
1773	畏
1774	留
1775	略
1776	番
1777	當
1778	疆
1779	疋
1780	疏
1781	疑
1782	疗
1783	疚
1784	疤
1785	疫
1786	疮
1787	疯
1788	疲
1789	疼
1790	疾
1791	病
1792	症
1793	痊
1794	痒
1795	痕
1796	痛
1797	痣
1798	痴
1799	痹
1800	瘠
1801	瘦
1802	瘴
1803	瘾
1804	癖
1805	癫
1806	登
1807	白
1808	百
1809	皂
1810	的
1811	皆
1812	皇
1813	皮
1814	皱
1815	盆
1816	益
1817	盏
1818	盐
1819	监
1820	盔
1821	盖
1822	盗
1823	盘
1824	盛
1825	盟
1826	監
1827	目
1828	盲
1829	直
1830	相
1831	盼
1832	省
1833	眉
1834	看
1835	真
1836	眠
1837	眨
1838	眶
1839	眷
1840	眸
1841	眼
1842	着
1843	睇
1844	睛
1845	睡
1846	睥
1847	睬
1848	睹
1849	瞎
1850	瞒
1851	瞓
1852	瞬
1853	瞰
1854	瞳
1855	瞻
1856	矜
1857	知
1858	矩
1859	矫
1860	短
1861	矮
1862	石
1863	矶
1864	码
1865	砂
1866	砌
1867	砍
1868	砒
1869	砖
1870	破
1871	砸
1872	砾
1873	硬
1874	确
1875	碉
1876	碌
1877	碍
1878	碎
1879	碑
1880	碗
1881	碧
1882	碰
1883	磅
1884	磊
1885	磋
1886	磨
1887	示
1888	礼
1889	社
1890	祈
1891	祖
1892	祝
1893	神
1894	票
1895	祷
1896	祸
1897	禁
1898	福
1899	禧
1900	离
1901	秀
1902	私
1903	秋
1904	种
1905	科
1906	秒
1907	秘
1908	积
1909	称
1910	移
1911	秽
1912	稀
1913	程
1914	稚
1915	稳
1916	稿
1917	穴
1918	究
1919	穷
1920	空
1921	穿
1922	突
1923	窃
1924	窄
1925	窍
1926	窒
1927	窗
1928	窝
1929	窥
1930	立
1931	站
1932	竞
1933	竟
1934	章
1935	童
1936	竭
1937	端
1938	竹
1939	笈
1940	笑
1941	笔
1942	笛
1943	符
1944	笨
1945	第
1946	笼
1947	等
1948	筋
1949	筐
1950	筑
1951	筒
1952	答
1953	策
1954	筷
1955	筹
1956	签
1957	简
1958	箔
1959	算
1960	管
1961	箩
1962	箭
1963	箱
1964	篇
1965	篮
1966	篷
1967	簸
1968	簿
1969	米
1970	类
1971	粉
1972	粒
1973	粗
1974	粤
1975	粥
1976	粪
1977	粱
1978	粹
1979	精
1980	糊
1981	糕
1982	糖
1983	糜
1984	糟
1985	系
1986	素
1987	索
1988	紧
1989	紫
1990	累
1991	終
1992	絮
1993	緊
1994	編
1995	緩
1996	總
1997	繁
1998	纠
1999	红
2000	纤
2001	约
2002	级
2003	纪
2004	纯
2005	纱
2006	纳
2007	纵
2008	纷
2009	纸
2010	纹
2011	纺
2012	纽
2013	线
2014	练
2015	组
2016	绅
2017	细
2018	终
2019	绊
2020	绍
2021	经
2022	绑
2023	绒
2024	结
2025	绕
2026	绘
2027	给
2028	绚
2029	络
2030	绝
2031	绞
2032	统
2033	绣
2034	继
2035	绩
2036	绪
2037	续
2038	绮
2039	绰
2040	维
2041	绵
2042	绷
2043	绸
2044	综
2045	绽
2046	绿
2047	缀
2048	缅
2049	缆
2050	缉
2051	缓
2052	缕
2053	编
2054	缘
2055	缚
2056	缝
2057	缠
2058	缤
2059	缩
2060	缸
2061	缺
2062	罄
2063	罅
2064	罐
2065	网
2066	罕
2067	罗
2068	罚
2069	罢
2070	罪
2071	置
2072	罹
2073	羁
2074	羊
2075	美
2076	羔
2077	羞
2078	群
2079	羹
2080	羽
2081	翁
2082	翅
2083	習
2084	翔
2085	翘
2086	翠
2087	翱
2088	翻
2089	翼
2090	耀
2091	老
2092	考
2093	者
2094	而
2095	耍
2096	耐
2097	耗
2098	耳
2099	耶
2100	耻
2101	耽
2102	聆
2103	聊
2104	职
2105	联
2106	聚
2107	聪
2108	肆
2109	肉
2110	肌
2111	肓
2112	肚
2113	肝
2114	肠
2115	股
2116	肢
2117	肤
2118	肥
2119	肩
2120	肪
2121	肮
2122	肯
2123	育
2124	肺
2125	胀
2126	胁
2127	胃
2128	胆
2129	背
2130	胎
2131	胜
2132	胞
2133	胡
2134	胧
2135	胶
2136	胸
2137	能
2138	脂
2139	脆
2140	脉
2141	脊
2142	脏
2143	脑
2144	脖
2145	脚
2146	脱
2147	脷
2148	脸
2149	脾
2150	腐
2151	腕
2152	腥
2153	腰
2154	腹
2155	腻
2156	腾
2157	腿
2158	膀
2159	膊
2160	膏
2161	膛
2162	膝
2163	膨
2164	臂
2165	臣
2166	自
2167	臭
2168	至
2169	致
2170	舅
2171	舌
2172	舍
2173	舞
2174	舟
2175	航
2176	般
2177	舱
2178	艇
2179	良
2180	艰
2181	艱
2182	色
2183	艳
2184	艺
2185	艾
2186	节
2187	芜
2188	芥
2189	芬
2190	芭
2191	芯
2192	花
2193	芳
2194	苍
2195	苏
2196	苔
2197	若
2198	苦
2199	英
2200	苹
2201	茂
2202	范
2203	茄
2204	茉
2205	茫
2206	茶
2207	荆
2208	草
2209	荒
2210	荡
2211	荣
2212	荧
2213	荫
2214	药
2215	荷
2216	莉
2217	莎
2218	莫
2219	莱
2220	莲
2221	获
2222	莹
2223	菇
2224	菊
2225	菜
2226	菲
2227	菸
2228	萄
2229	萎
2230	萤
2231	营
2232	萧
2233	落
2234	著
2235	葡
2236	董
2237	葬
2238	葱
2239	蒂
2240	蒙
2241	蒲
2242	蒸
2243	蓄
2244	蓝
2245	蓦
2246	蔓
2247	蔷
2248	蕃
2249	蕊
2250	蕴
2251	蕾
2252	薄
2253	薇
2254	薪
2255	薰
2256	藉
2257	藏
2258	藤
2259	蘑
2260	虎
2261	虑
2262	虔
2263	虚
2264	虹
2265	虽
2266	虾
2267	蚀
2268	蚁
2269	蚂
2270	蚊
2271	蚕
2272	蚤
2273	蛀
2274	蛇
2275	蛊
2276	蛋
2277	蛛
2278	蛮
2279	蛾
2280	蜂
2281	蜕
2282	蜘
2283	蜜
2284	蜥
2285	蝉
2286	蝪
2287	蝶
2288	螂
2289	融
2290	螨
2291	螳
2292	蟀
2293	蟊
2294	蟋
2295	蠢
2296	血
2297	行
2298	衍
2299	街
2300	衡
2301	衣
2302	补
2303	表
2304	衫
2305	衬
2306	衰
2307	衷
2308	袋
2309	袜
2310	被
2311	袭
2312	袱
2313	裂
2314	装
2315	裙
2316	裝
2317	裡
2318	裤
2319	裱
2320	裸
2321	製
2322	褒
2323	褛
2324	褥
2325	褪
2326	褶
2327	襄
2328	襟
2329	西
2330	要
2331	覆
2332	見
2333	覺
2334	见
2335	观
2336	规
2337	觅
2338	视
2339	览
2340	觉
2341	角
2342	解
2343	觥
2344	触
2345	言
2346	記
2347	許
2348	誉
2349	誓
2350	說
2351	請
2352	警
2353	變
2354	讓
2355	讚
2356	计
2357	订
2358	认
2359	讨
2360	让
2361	训
2362	议
2363	讯
2364	记
2365	讲
2366	讳
2367	讶
2368	许
2369	论
2370	讽
2371	设
2372	访
2373	诀
2374	证
2375	评
2376	诅
2377	识
2378	诉
2379	词
2380	译
2381	试
2382	诗
2383	诚
2384	话
2385	诞
2386	诡
2387	询
2388	诣
2389	该
2390	诧
2391	语
2392	误
2393	诱
2394	说
2395	诵
2396	请
2397	诸
2398	诺
2399	读
2400	课
2401	谁
2402	谂
2403	调
2404	谅
2405	谈
2406	谊
2407	谋
2408	谎
2409	谐
2410	谓
2411	谜
2412	谢
2413	谣
2414	谦
2415	谧
2416	谨
2417	谬
2418	谱
2419	谷
2420	豆
2421	豚
2422	象
2423	豪
2424	豹
2425	貌
2426	負
2427	贝
2428	负
2429	财
2430	责
2431	败
2432	账
2433	货
2434	质
2435	贩
2436	贪
2437	贫
2438	贬
2439	购
2440	贱
2441	贴
2442	贵
2443	贷
2444	费
2445	贺
2446	贼
2447	资
2448	赌
2449	赎
2450	赏
2451	赐
2452	赖
2453	赚
2454	赛
2455	赞
2456	赠
2457	赢
2458	赤
2459	赦
2460	赫
2461	走
2462	赶
2463	起
2464	趁
2465	超
2466	越
2467	趟
2468	趣
2469	足
2470	跃
2471	跌
2472	跎
2473	跑
2474	距
2475	跟
2476	跨
2477	跪
2478	路
2479	跳
2480	践
2481	跷
2482	踏
2483	踢
2484	踩
2485	踪
2486	踭
2487	踮
2488	蹂
2489	蹈
2490	蹉
2491	蹊
2492	蹦
2493	蹲
2494	躁
2495	躏
2496	身
2497	躯
2498	躲
2499	躺
2500	較
2501	載
2502	輝
2503	车
2504	轨
2505	转
2506	轮
2507	软
2508	轰
2509	轻
2510	载
2511	较
2512	辆
2513	辈
2514	辉
2515	辑
2516	输
2517	辛
2518	辜
2519	辞
2520	辟
2521	辣
2522	辨
2523	辩
2524	辰
2525	辱
2526	边
2527	达
2528	迁
2529	迂
2530	迅
2531	过
2532	迈
2533	迎
2534	运
2535	近
2536	返
2537	还
2538	这
2539	进
2540	远
2541	连
2542	迟
2543	迪
2544	迫
2545	述
2546	迴
2547	迷
2548	迹
2549	追
2550	退
2551	送
2552	适
2553	逃
2554	逅
2555	逆
2556	选
2557	透
2558	逐
2559	递
2560	途
2561	逗
2562	這
2563	通
2564	逛
2565	逝
2566	逞
2567	速
2568	造
2569	逢
2570	逻
2571	逼
2572	逾
2573	遁
2574	遂
2575	遇
2576	遍
2577	過
2578	道
2579	遗
2580	遠
2581	遢
2582	遥
2583	遭
2584	遮
2585	遵
2586	選
2587	避
2588	邀
2589	邂
2590	還
2591	邊
2592	邋
2593	那
2594	邦
2595	邪
2596	邮
2597	郁
2598	郎
2599	郑
2600	郡
2601	部
2602	都
2603	鄙
2604	配
2605	酒
2606	酥
2607	酬
2608	酱
2609	酷
2610	酸
2611	酿
2612	醇
2613	醉
2614	醋
2615	醒
2616	醺
2617	采
2618	释
2619	釋
2620	里
2621	重
2622	野
2623	量
2624	金
2625	鉴
2626	针
2627	钉
2628	钓
2629	钝
2630	钞
2631	钟
2632	钢
2633	钤
2634	钥
2635	钮
2636	钱
2637	钻
2638	铁
2639	铃
2640	铅
2641	铎
2642	铐
2643	铜
2644	铭
2645	银
2646	铺
2647	链
2648	铿
2649	销
2650	锁
2651	锋
2652	错
2653	锢
2654	锦
2655	键
2656	锲
2657	锵
2658	锻
2659	镀
2660	镇
2661	镜
2662	镣
2663	长
2664	閃
2665	開
2666	门
2667	闪
2668	闭
2669	问
2670	闯
2671	闲
2672	间
2673	闷
2674	闹
2675	闻
2676	阁
2677	阅
2678	阑
2679	阔
2680	阙
2681	队
2682	阱
2683	防
2684	阳
2685	阴
2686	阵
2687	阶
2688	阻
2689	阿
2690	附
2691	际
2692	陆
2693	陈
2694	陋
2695	陌
2696	降
2697	限
2698	院
2699	除
2700	陨
2701	险
2702	陪
2703	陳
2704	陵
2705	陶
2706	陷
2707	陽
2708	随
2709	隐
2710	隔
2711	隙
2712	障
2713	隧
2714	隶
2715	隽
2716	难
2717	雄
2718	雅
2719	集
2720	雇
2721	雏
2722	雕
2723	離
2724	難
2725	雨
2726	雪
2727	零
2728	雷
2729	雾
2730	需
2731	霄
2732	震
2733	霍
2734	霎
2735	霓
2736	霜
2737	霞
2738	露
2739	霸
2740	霾
2741	青
2742	靓
2743	静
2744	非
2745	靠
2746	面
2747	革
2748	靶
2749	鞋
2750	鞭
2751	音
2752	韵
2753	顶
2754	顺
2755	须
2756	顽
2757	顾
2758	顿
2759	颁
2760	颂
2761	预
2762	颅
2763	领
2764	颇
2765	颈
2766	颓
2767	颖
2768	颗
2769	题
2770	颜
2771	额
2772	颠
2773	颤
2774	风
2775	飘
2776	飞
2777	食
2778	餐
2779	餸
2780	饥
2781	饭
2782	饮
2783	饰
2784	饱
2785	饵
2786	饿
2787	馀
2788	馁
2789	馅
2790	馆
2791	首
2792	馗
2793	香
2794	馨
2795	駛
2796	驕
2797	马
2798	驰
2799	驱
2800	驳
2801	驶
2802	驻
2803	驾
2804	骂
2805	骄
2806	骇
2807	骊
2808	骋
2809	验
2810	骑
2811	骗
2812	骚
2813	骤
2814	骨
2815	骹
2816	骼
2817	髂
2818	高
2819	髦
2820	髪
2821	鬓
2822	鬼
2823	魂
2824	魄
2825	魇
2826	魔
2827	鱼
2828	鲁
2829	鲍
2830	鲜
2831	鳅
2832	鸟
2833	鸠
2834	鸡
2835	鸣
2836	鸥
2837	鸦
2838	鸿
2839	鹅
2840	鹉
2841	鹦
2842	鹿
2843	麦
2844	麻
2845	麼
2846	麽
2847	黄
2848	黎
2849	黐
2850	黑
2851	默
2852	黯
2853	鼓
2854	鼻
2855	齐
2856	齿
2857	龄
2858	龙
2859	（
2860	）
2861	，
2862	：
2863	～
